site,wattnet_zone,pue,cee,samples,green_score_mean,green_score_median,green_score_min,green_score_max
GRIF,FR,1.35,4.309562638991846,652,152.8168147555663,140.01178164365942,50.192902853387444,384.61067728619895
IN2P3-IRES,FR,1.21,3.228263943440691,652,127.71896173262694,117.01696184720477,41.949476888620666,321.44418435135924
IN2P3-CPPM,FR,1.6,2.0616583210603823,652,61.683416853470305,56.51475660801476,20.260007085892124,155.2453555015353
IN2P3-LPC,FR,1.7,1.7314446529080676,652,48.756374735943936,44.67091467771064,16.014101488235923,122.71046441588044
SARA-MATRIX,NL,1.21,10.051096557514692,672,21.43425741057494,19.41042524416112,13.195697172115732,46.071499555445655
FZK-LCG2,DE,1.3,6.597936285313566,670,20.284227924569084,15.377475293336571,9.35890762324794,44.01852215166835
UKI-NORTHGRID-LANCS-HEP,GB,1.7,4.878921518117809,636,17.49394416072007,13.982730168124478,8.660090024704123,47.832563903115734
UKI-SOUTHGRID-RALPP,GB,1.7,4.74664199276417,636,17.019640439795317,13.603624067950712,8.425293749803277,46.535705811413386
RAL-LCG2,GB,1.7,4.616514384285793,636,16.553052668699753,13.230685247348728,8.194317129265848,45.259944943978326
UKI-LT2-IC-HEP,GB,1.3,3.457901896125309,636,16.213700283655122,12.959444366024615,8.026326298977088,44.332075591350076
UKI-SCOTGRID-GLASGOW,GB,1.7,3.77161122291938,636,13.52355349121309,10.809237622149068,6.694613267988533,36.97658061685663
UKI-NORTHGRID-MAN-HEP,GB,1.7,3.554187234566382,636,12.743954332398225,10.186112009259471,6.308685495698076,34.844972887905676
NIKHEF-ELPROD,NL,1.7,6.681531422582336,672,10.141622970462947,9.184046396005188,6.243546626718064,21.798738777143765
prague_cesnet_lcg2,CZ,1.7,5.535,671,9.496279680758224,8.359133126934983,6.0721416503938395,20.81766210320446
NCG-INGRID-PT,PT,1.7,2.7292881188931766,672,9.135547140590026,7.191326673589706,3.7545921406663414,18.711696962108714
CNR-ILC-PISA,IT_CNORTH,1.7,2.48,672,7.741302579645797,5.9738883268295035,4.268061818056654,30.841935082701152
TR-03-METU,TR,1.7,2.3440000000000003,672,2.589149675413735,2.5808582901053456,2.0345632719666003,3.3588880131833494
